file_index,date
1,2024-01-13
2,2024-01-19
3,2024-02-07
4,2024-02-08
5,2024-02-09
6,2024-02-10
7,2024-02-11
8,2024-02-12
9,2024-02-13
10,2024-02-14
11,2024-02-18
12,2024-02-21
13,2024-02-22
14,2024-02-25
15,2024-02-26
16,2024-02-28
17,2024-02-29
18,2024-03-02
19,2024-03-04
20,2024-03-06
21,2024-03-07
22,2024-03-09
23,2024-03-10
24,2024-03-11
25,2024-03-14
26,2024-03-15
27,2024-03-16
28,2024-03-17
29,2024-03-20
30,2024-03-23
31,2024-03-25
32,2024-03-27
33,2024-03-28
34,2024-03-30
35,2024-03-31
36,2024-04-03
37,2024-04-05
38,2024-04-06
39,2024-04-08
40,2024-04-23
41,2024-04-24
42,2024-04-25
43,2024-04-26
44,2024-04-27
