Time,DataSnapId,DataSnapName,SensorId,Sensor Name,Reading1,Reading2,Reading3,Reading4,Reading5
07/02/2024 14:40:07,800473,WL,8501643,Acclima TDR315 8501643,32,14.8,18.1,745,4226
07/02/2024 16:30:07,800473,WL,8501643,Acclima TDR315 8501643,32,15.6,18,749,4280
07/02/2024 16:50:02,800473,WL,8501643,Acclima TDR315 8501643,31.9,15.7,18,759,4337
07/02/2024 17:00:02,800473,WL,8501643,Acclima TDR315 8501643,31.9,15.8,17.9,754,4339
07/02/2024 17:10:02,800473,WL,8501643,Acclima TDR315 8501643,32,15.8,18.1,756,4289
07/02/2024 17:20:04,800473,WL,8501643,Acclima TDR315 8501643,31.7,15.9,17.8,752,4359
07/02/2024 17:30:04,800473,WL,8501643,Acclima TDR315 8501643,31.8,15.9,17.9,759,4368
07/02/2024 17:40:04,800473,WL,8501643,Acclima TDR315 8501643,31.7,15.9,17.8,761,4411
07/02/2024 17:50:04,800473,WL,8501643,Acclima TDR315 8501643,31.9,15.9,17.9,756,4351
07/02/2024 18:00:04,800473,WL,8501643,Acclima TDR315 8501643,31.9,15.9,18,759,4337
07/02/2024 18:10:04,800473,WL,8501643,Acclima TDR315 8501643,32.2,15.9,18.2,761,4287
07/02/2024 18:20:04,800473,WL,8501643,Acclima TDR315 8501643,32,15.9,18,754,4308
07/02/2024 18:30:04,800473,WL,8501643,Acclima TDR315 8501643,32,15.9,18.1,756,4289
07/02/2024 18:40:04,800473,WL,8501643,Acclima TDR315 8501643,31.6,16,17.8,754,4371
07/02/2024 18:50:04,800473,WL,8501643,Acclima TDR315 8501643,31.9,15.9,17.9,759,4368
07/02/2024 19:00:04,800473,WL,8501643,Acclima TDR315 8501643,31.7,15.9,17.8,759,4400
07/02/2024 19:10:04,800473,WL,8501643,Acclima TDR315 8501643,31.8,15.9,17.8,745,4318
07/02/2024 19:20:04,800473,WL,8501643,Acclima TDR315 8501643,31.8,15.9,17.9,752,4328
07/02/2024 19:30:04,800473,WL,8501643,Acclima TDR315 8501643,32.1,15.8,18.1,759,4306
07/02/2024 19:40:04,800473,WL,8501643,Acclima TDR315 8501643,32.2,15.8,18.1,752,4266
07/02/2024 19:50:04,800473,WL,8501643,Acclima TDR315 8501643,31.9,15.8,17.9,756,4351
07/02/2024 20:00:04,800473,WL,8501643,Acclima TDR315 8501643,32,15.8,18.1,749,4249
07/02/2024 20:10:04,800473,WL,8501643,Acclima TDR315 8501643,31.8,15.7,17.9,759,4368
07/02/2024 20:20:04,800473,WL,8501643,Acclima TDR315 8501643,31.7,15.7,17.8,747,4330
07/02/2024 20:30:04,800473,WL,8501643,Acclima TDR315 8501643,31.7,15.7,17.8,752,4359
07/02/2024 20:40:04,800473,WL,8501643,Acclima TDR315 8501643,32,15.6,18.1,745,4226
07/02/2024 20:50:04,800473,WL,8501643,Acclima TDR315 8501643,31.9,15.6,17.9,752,4328
07/02/2024 21:00:04,800473,WL,8501643,Acclima TDR315 8501643,31.8,15.6,17.8,740,4289
07/02/2024 21:10:04,800473,WL,8501643,Acclima TDR315 8501643,32.1,15.6,18.1,742,4209
07/02/2024 21:20:04,800473,WL,8501643,Acclima TDR315 8501643,31.8,15.6,17.8,745,4318
07/02/2024 21:30:04,800473,WL,8501643,Acclima TDR315 8501643,31.8,15.5,17.9,749,4310
07/02/2024 21:40:04,800473,WL,8501643,Acclima TDR315 8501643,31.8,15.4,17.8,735,4260
07/02/2024 21:50:04,800473,WL,8501643,Acclima TDR315 8501643,31.8,15.5,17.9,737,4241
07/02/2024 22:00:04,800473,WL,8501643,Acclima TDR315 8501643,31.6,15.4,17.8,740,4289
07/02/2024 22:10:04,800473,WL,8501643,Acclima TDR315 8501643,32,15.3,18,742,4240
07/02/2024 22:20:04,800473,WL,8501643,Acclima TDR315 8501643,32,15.3,18,740,4228
07/02/2024 22:30:04,800473,WL,8501643,Acclima TDR315 8501643,31.9,15.3,18,742,4240
07/02/2024 22:40:04,800473,WL,8501643,Acclima TDR315 8501643,31.8,15.2,17.8,740,4289
07/02/2024 22:50:04,800473,WL,8501643,Acclima TDR315 8501643,31.9,15.2,18,735,4200
07/02/2024 23:00:04,800473,WL,8501643,Acclima TDR315 8501643,31.8,15.2,17.8,740,4289
07/02/2024 23:10:04,800473,WL,8501643,Acclima TDR315 8501643,31.8,15.1,17.8,745,4318
07/02/2024 23:20:04,800473,WL,8501643,Acclima TDR315 8501643,31.8,15.1,17.9,735,4230
07/02/2024 23:30:04,800473,WL,8501643,Acclima TDR315 8501643,31.8,15,17.9,740,4258
07/02/2024 23:40:04,800473,WL,8501643,Acclima TDR315 8501643,32,15,18,745,4257
07/02/2024 23:50:04,800473,WL,8501643,Acclima TDR315 8501643,31.9,15,18,740,4228
08/02/2024 0:00:04,800473,WL,8501643,Acclima TDR315 8501643,31.6,14.9,17.7,737,4303
08/02/2024 0:10:04,800473,WL,8501643,Acclima TDR315 8501643,31.7,14.9,17.8,735,4260
08/02/2024 0:20:04,800473,WL,8501643,Acclima TDR315 8501643,31.8,14.8,17.9,737,4241
08/02/2024 0:30:04,800473,WL,8501643,Acclima TDR315 8501643,31.8,14.8,17.8,733,4249
08/02/2024 0:40:04,800473,WL,8501643,Acclima TDR315 8501643,31.8,14.8,17.8,737,4272
08/02/2024 0:50:04,800473,WL,8501643,Acclima TDR315 8501643,31.9,14.7,18,733,4188
08/02/2024 1:00:04,800473,WL,8501643,Acclima TDR315 8501643,31.8,14.7,17.8,726,4208
08/02/2024 1:10:04,800473,WL,8501643,Acclima TDR315 8501643,31.6,14.6,17.7,730,4262
08/02/2024 1:20:04,800473,WL,8501643,Acclima TDR315 8501643,31.6,14.6,17.8,728,4220
08/02/2024 1:30:04,800473,WL,8501643,Acclima TDR315 8501643,31.9,14.6,17.9,728,4189
08/02/2024 1:40:04,800473,WL,8501643,Acclima TDR315 8501643,31.9,14.6,17.9,728,4189
08/02/2024 1:50:04,800473,WL,8501643,Acclima TDR315 8501643,31.7,14.5,17.8,726,4208
08/02/2024 2:00:04,800473,WL,8501643,Acclima TDR315 8501643,31.6,14.5,17.7,726,4239
08/02/2024 2:10:04,800473,WL,8501643,Acclima TDR315 8501643,31.6,14.4,17.7,730,4262
08/02/2024 2:20:04,800473,WL,8501643,Acclima TDR315 8501643,31.8,14.4,17.8,726,4208
08/02/2024 2:30:04,800473,WL,8501643,Acclima TDR315 8501643,31.9,14.4,18,721,4120
08/02/2024 2:40:04,800473,WL,8501643,Acclima TDR315 8501643,31.6,14.3,17.8,724,4197
08/02/2024 2:50:04,800473,WL,8501643,Acclima TDR315 8501643,31.8,14.3,17.8,719,4168
08/02/2024 3:00:04,800473,WL,8501643,Acclima TDR315 8501643,31.6,14.2,17.7,721,4210
08/02/2024 3:10:04,800473,WL,8501643,Acclima TDR315 8501643,31.9,14.2,18,721,4120
08/02/2024 3:20:04,800473,WL,8501643,Acclima TDR315 8501643,31.6,14.1,17.7,726,4239
08/02/2024 3:30:04,800473,WL,8501643,Acclima TDR315 8501643,32,14.1,18,712,4068
08/02/2024 3:40:04,800473,WL,8501643,Acclima TDR315 8501643,31.8,14,17.9,724,4166
08/02/2024 3:50:04,800473,WL,8501643,Acclima TDR315 8501643,31.6,14,17.8,712,4127
08/02/2024 4:00:04,800473,WL,8501643,Acclima TDR315 8501643,31.8,14,17.8,721,4179
08/02/2024 4:10:04,800473,WL,8501643,Acclima TDR315 8501643,31.5,13.9,17.6,721,4241
08/02/2024 4:20:04,800473,WL,8501643,Acclima TDR315 8501643,31.5,13.9,17.7,712,4157
08/02/2024 4:30:04,800473,WL,8501643,Acclima TDR315 8501643,31.6,13.9,17.7,705,4116
08/02/2024 4:40:04,800473,WL,8501643,Acclima TDR315 8501643,31.7,13.8,17.8,714,4139
08/02/2024 4:50:04,800473,WL,8501643,Acclima TDR315 8501643,31.6,13.8,17.7,714,4169
08/02/2024 5:00:04,800473,WL,8501643,Acclima TDR315 8501643,31.9,13.7,17.9,712,4097
08/02/2024 5:10:04,800473,WL,8501643,Acclima TDR315 8501643,31.6,13.8,17.8,712,4127
08/02/2024 5:20:04,800473,WL,8501643,Acclima TDR315 8501643,31.7,13.7,17.8,703,4075
08/02/2024 5:30:04,800473,WL,8501643,Acclima TDR315 8501643,31.7,13.6,17.8,714,4139
08/02/2024 5:40:04,800473,WL,8501643,Acclima TDR315 8501643,31.7,13.6,17.8,703,4075
08/02/2024 5:50:04,800473,WL,8501643,Acclima TDR315 8501643,31.5,13.6,17.7,710,4145
08/02/2024 6:00:04,800473,WL,8501643,Acclima TDR315 8501643,31.6,13.5,17.8,703,4075
08/02/2024 6:10:04,800473,WL,8501643,Acclima TDR315 8501643,31.6,13.5,17.7,710,4145
08/02/2024 6:20:04,800473,WL,8501643,Acclima TDR315 8501643,31.6,13.4,17.8,703,4075
08/02/2024 6:30:04,800473,WL,8501643,Acclima TDR315 8501643,31.8,13.4,17.8,710,4115
08/02/2024 6:40:04,800473,WL,8501643,Acclima TDR315 8501643,31.8,13.4,17.8,698,4046
08/02/2024 6:50:04,800473,WL,8501643,Acclima TDR315 8501643,31.7,13.3,17.8,710,4115
08/02/2024 7:00:04,800473,WL,8501643,Acclima TDR315 8501643,31.5,13.3,17.7,701,4093
08/02/2024 7:10:04,800473,WL,8501643,Acclima TDR315 8501643,31.8,13.3,17.8,705,4086
08/02/2024 7:20:04,800473,WL,8501643,Acclima TDR315 8501643,31.6,13.2,17.8,701,4063
08/02/2024 7:30:04,800473,WL,8501643,Acclima TDR315 8501643,31.9,13.2,17.9,703,4046
08/02/2024 7:40:04,800473,WL,8501643,Acclima TDR315 8501643,31.6,13.2,17.7,703,4105
08/02/2024 7:50:04,800473,WL,8501643,Acclima TDR315 8501643,31.6,13.1,17.8,694,4023
08/02/2024 8:00:04,800473,WL,8501643,Acclima TDR315 8501643,31.5,13.1,17.6,701,4123
08/02/2024 8:10:04,800473,WL,8501643,Acclima TDR315 8501643,31.6,13.1,17.8,701,4063
08/02/2024 8:20:04,800473,WL,8501643,Acclima TDR315 8501643,31.6,13.1,17.8,703,4075
08/02/2024 8:30:04,800473,WL,8501643,Acclima TDR315 8501643,31.6,13,17.8,703,4075
08/02/2024 8:40:04,800473,WL,8501643,Acclima TDR315 8501643,31.5,13,17.6,694,4082
08/02/2024 8:50:04,800473,WL,8501643,Acclima TDR315 8501643,31.8,13,17.8,696,4034
08/02/2024 9:00:04,800473,WL,8501643,Acclima TDR315 8501643,31.5,12.9,17.6,692,4070
08/02/2024 9:10:04,800473,WL,8501643,Acclima TDR315 8501643,31.7,12.9,17.8,687,3982
08/02/2024 9:20:04,800473,WL,8501643,Acclima TDR315 8501643,31.6,12.9,17.8,696,4034
08/02/2024 9:30:04,800473,WL,8501643,Acclima TDR315 8501643,31.9,12.9,18,692,3954
08/02/2024 9:40:04,800473,WL,8501643,Acclima TDR315 8501643,31.6,12.8,17.8,689,3994
08/02/2024 9:50:04,800473,WL,8501643,Acclima TDR315 8501643,31.9,12.8,17.9,701,4034
08/02/2024 10:00:04,800473,WL,8501643,Acclima TDR315 8501643,31.5,12.8,17.6,692,4070
08/02/2024 10:10:04,800473,WL,8501643,Acclima TDR315 8501643,31.6,12.9,17.7,692,4040
08/02/2024 10:20:04,800473,WL,8501643,Acclima TDR315 8501643,31.8,12.8,17.9,694,3994
08/02/2024 10:30:04,800473,WL,8501643,Acclima TDR315 8501643,31.7,12.8,17.8,696,4034
08/02/2024 10:40:04,800473,WL,8501643,Acclima TDR315 8501643,31.6,12.9,17.7,692,4040
08/02/2024 10:50:04,800473,WL,8501643,Acclima TDR315 8501643,31.6,12.9,17.7,689,4023
08/02/2024 11:00:04,800473,WL,8501643,Acclima TDR315 8501643,31.9,12.9,18,661,3777
08/02/2024 11:10:04,800473,WL,8501643,Acclima TDR315 8501643,30.9,12.9,17.2,761,4612
08/02/2024 11:20:02,800473,WL,8501643,Acclima TDR315 8501643,32.2,13,18.1,538,3052
07/02/2024 16:20:07,800473,WL,8501653,Acclima TDR315 8501653,26,14.2,14,626,5008
07/02/2024 16:30:13,800473,WL,8501653,Acclima TDR315 8501653,26.2,14.3,14.1,614,4863
07/02/2024 16:40:08,800473,WL,8501653,Acclima TDR315 8501653,26.2,14.3,14.1,611,4839
07/02/2024 16:50:08,800473,WL,8501653,Acclima TDR315 8501653,26.3,14.3,14.2,616,4831
07/02/2024 17:00:08,800473,WL,8501653,Acclima TDR315 8501653,26.2,14.3,14.1,618,4895
07/02/2024 17:10:08,800473,WL,8501653,Acclima TDR315 8501653,26.2,14.3,14.1,618,4895
07/02/2024 17:20:10,800473,WL,8501653,Acclima TDR315 8501653,26.1,14.4,14.1,616,4879
07/02/2024 17:30:10,800473,WL,8501653,Acclima TDR315 8501653,26.1,14.4,14.1,614,4863
07/02/2024 17:40:10,800473,WL,8501653,Acclima TDR315 8501653,26.1,14.5,14.1,614,4863
07/02/2024 17:50:10,800473,WL,8501653,Acclima TDR315 8501653,26.1,14.5,14.1,629,4982
07/02/2024 18:00:10,800473,WL,8501653,Acclima TDR315 8501653,26.1,14.5,14.1,620,4910
07/02/2024 18:10:10,800473,WL,8501653,Acclima TDR315 8501653,26,14.6,14,622,4976
07/02/2024 18:20:10,800473,WL,8501653,Acclima TDR315 8501653,26.2,14.6,14.1,616,4879
07/02/2024 18:30:10,800473,WL,8501653,Acclima TDR315 8501653,26.1,14.6,14.1,616,4879
07/02/2024 18:40:10,800473,WL,8501653,Acclima TDR315 8501653,26.1,14.6,14.1,624,4942
07/02/2024 18:50:10,800473,WL,8501653,Acclima TDR315 8501653,26.1,14.7,14.1,620,4910
07/02/2024 19:00:10,800473,WL,8501653,Acclima TDR315 8501653,26.2,14.6,14.1,629,4982
07/02/2024 19:10:10,800473,WL,8501653,Acclima TDR315 8501653,26.1,14.7,14.1,618,4895
07/02/2024 19:20:10,800473,WL,8501653,Acclima TDR315 8501653,26.1,14.7,14.1,620,4910
07/02/2024 19:30:10,800473,WL,8501653,Acclima TDR315 8501653,26.2,14.7,14.1,620,4910
07/02/2024 19:40:10,800473,WL,8501653,Acclima TDR315 8501653,26.1,14.8,14.1,629,4982
07/02/2024 19:50:10,800473,WL,8501653,Acclima TDR315 8501653,26.2,14.7,14.1,620,4910
07/02/2024 20:00:10,800473,WL,8501653,Acclima TDR315 8501653,26.1,14.8,14.1,622,4926
07/02/2024 20:10:10,800473,WL,8501653,Acclima TDR315 8501653,26,14.8,14,629,5032
07/02/2024 20:20:10,800473,WL,8501653,Acclima TDR315 8501653,26.1,14.8,14.1,622,4926
07/02/2024 20:30:10,800473,WL,8501653,Acclima TDR315 8501653,26.1,14.8,14.1,622,4926
07/02/2024 20:40:10,800473,WL,8501653,Acclima TDR315 8501653,26,14.9,14,629,5032
07/02/2024 20:50:10,800473,WL,8501653,Acclima TDR315 8501653,26,14.9,14,629,5032
07/02/2024 21:00:10,800473,WL,8501653,Acclima TDR315 8501653,26.2,14.8,14.1,624,4942
07/02/2024 21:10:10,800473,WL,8501653,Acclima TDR315 8501653,26.2,14.9,14.1,622,4926
07/02/2024 21:20:10,800473,WL,8501653,Acclima TDR315 8501653,26,14.9,14,629,5032
07/02/2024 21:30:10,800473,WL,8501653,Acclima TDR315 8501653,26,14.9,14,629,5032
07/02/2024 21:40:10,800473,WL,8501653,Acclima TDR315 8501653,26.1,14.9,14.1,622,4926
07/02/2024 21:50:10,800473,WL,8501653,Acclima TDR315 8501653,26,14.9,14,629,5032
07/02/2024 22:00:10,800473,WL,8501653,Acclima TDR315 8501653,26.1,14.9,14.1,622,4926
07/02/2024 22:10:10,800473,WL,8501653,Acclima TDR315 8501653,26,15,14,622,4976
07/02/2024 22:20:10,800473,WL,8501653,Acclima TDR315 8501653,26,15,14,622,4976
07/02/2024 22:30:10,800473,WL,8501653,Acclima TDR315 8501653,26.1,15,14.1,629,4982
07/02/2024 22:40:10,800473,WL,8501653,Acclima TDR315 8501653,26,14.9,14,629,5032
07/02/2024 22:50:10,800473,WL,8501653,Acclima TDR315 8501653,26.1,15,14.1,620,4910
07/02/2024 23:00:10,800473,WL,8501653,Acclima TDR315 8501653,26.1,14.9,14.1,618,4895
07/02/2024 23:10:10,800473,WL,8501653,Acclima TDR315 8501653,26.1,14.9,14.1,629,4982
07/02/2024 23:20:10,800473,WL,8501653,Acclima TDR315 8501653,26.2,15,14.1,622,4926
07/02/2024 23:30:10,800473,WL,8501653,Acclima TDR315 8501653,26,15,14,629,5032
07/02/2024 23:40:10,800473,WL,8501653,Acclima TDR315 8501653,26,15,14,620,4960
07/02/2024 23:50:10,800473,WL,8501653,Acclima TDR315 8501653,26,14.9,14,618,4944
08/02/2024 0:00:10,800473,WL,8501653,Acclima TDR315 8501653,26,14.9,14,618,4944
08/02/2024 0:10:10,800473,WL,8501653,Acclima TDR315 8501653,26,15,14,629,5032
08/02/2024 0:20:10,800473,WL,8501653,Acclima TDR315 8501653,26,14.9,14,629,5032
08/02/2024 0:30:10,800473,WL,8501653,Acclima TDR315 8501653,26.1,15,14.1,624,4942
08/02/2024 0:40:10,800473,WL,8501653,Acclima TDR315 8501653,26.2,15,14.1,626,4958
08/02/2024 0:50:10,800473,WL,8501653,Acclima TDR315 8501653,26,14.9,14,629,5032
08/02/2024 1:00:10,800473,WL,8501653,Acclima TDR315 8501653,26,14.9,14,622,4976
08/02/2024 1:10:10,800473,WL,8501653,Acclima TDR315 8501653,26,14.9,14,626,5008
08/02/2024 1:20:10,800473,WL,8501653,Acclima TDR315 8501653,26,14.9,14,626,5008
08/02/2024 1:30:10,800473,WL,8501653,Acclima TDR315 8501653,26,14.9,14,620,4960
08/02/2024 1:40:10,800473,WL,8501653,Acclima TDR315 8501653,26.1,14.9,14.1,626,4958
08/02/2024 1:50:10,800473,WL,8501653,Acclima TDR315 8501653,26,14.9,14,622,4976
08/02/2024 2:00:10,800473,WL,8501653,Acclima TDR315 8501653,26,14.9,14,629,5032
08/02/2024 2:10:10,800473,WL,8501653,Acclima TDR315 8501653,26,14.9,14,629,5032
08/02/2024 2:20:10,800473,WL,8501653,Acclima TDR315 8501653,26,14.9,14,635,5080
08/02/2024 2:30:10,800473,WL,8501653,Acclima TDR315 8501653,26,14.9,14,620,4960
08/02/2024 2:40:10,800473,WL,8501653,Acclima TDR315 8501653,26,14.9,14,620,4960
08/02/2024 2:50:10,800473,WL,8501653,Acclima TDR315 8501653,26,14.8,14,624,4992
08/02/2024 3:00:10,800473,WL,8501653,Acclima TDR315 8501653,26,14.8,14,616,4928
08/02/2024 3:10:10,800473,WL,8501653,Acclima TDR315 8501653,26,14.8,14,629,5032
08/02/2024 3:20:10,800473,WL,8501653,Acclima TDR315 8501653,26,14.8,14,616,4928
08/02/2024 3:30:10,800473,WL,8501653,Acclima TDR315 8501653,26,14.8,14,631,5048
08/02/2024 3:40:10,800473,WL,8501653,Acclima TDR315 8501653,26,14.8,14,626,5008
08/02/2024 3:50:10,800473,WL,8501653,Acclima TDR315 8501653,26,14.8,14,629,5032
08/02/2024 4:00:10,800473,WL,8501653,Acclima TDR315 8501653,26,14.8,14,622,4976
08/02/2024 4:10:10,800473,WL,8501653,Acclima TDR315 8501653,26,14.8,14,618,4944
08/02/2024 4:20:10,800473,WL,8501653,Acclima TDR315 8501653,26.1,14.8,14.1,618,4895
08/02/2024 4:30:10,800473,WL,8501653,Acclima TDR315 8501653,26,14.7,14,620,4960
08/02/2024 4:40:10,800473,WL,8501653,Acclima TDR315 8501653,26,14.7,14,616,4928
08/02/2024 4:50:10,800473,WL,8501653,Acclima TDR315 8501653,26,14.7,14,629,5032
08/02/2024 5:00:10,800473,WL,8501653,Acclima TDR315 8501653,26,14.7,14,618,4944
08/02/2024 5:10:10,800473,WL,8501653,Acclima TDR315 8501653,26,14.7,14,622,4976
08/02/2024 5:20:10,800473,WL,8501653,Acclima TDR315 8501653,26,14.6,14,622,4976
08/02/2024 5:30:10,800473,WL,8501653,Acclima TDR315 8501653,26,14.7,14,620,4960
08/02/2024 5:40:10,800473,WL,8501653,Acclima TDR315 8501653,26,14.6,14,620,4960
08/02/2024 5:50:10,800473,WL,8501653,Acclima TDR315 8501653,26,14.6,14,616,4928
08/02/2024 6:00:10,800473,WL,8501653,Acclima TDR315 8501653,26,14.6,14,620,4960
08/02/2024 6:10:10,800473,WL,8501653,Acclima TDR315 8501653,26,14.6,14,622,4976
08/02/2024 6:20:10,800473,WL,8501653,Acclima TDR315 8501653,26.1,14.6,14.1,614,4863
08/02/2024 6:30:10,800473,WL,8501653,Acclima TDR315 8501653,26,14.6,14,614,4912
08/02/2024 6:40:10,800473,WL,8501653,Acclima TDR315 8501653,25.9,14.6,13.9,620,5010
08/02/2024 6:50:10,800473,WL,8501653,Acclima TDR315 8501653,26,14.5,14,620,4960
08/02/2024 7:00:10,800473,WL,8501653,Acclima TDR315 8501653,26,14.5,14,614,4912
08/02/2024 7:10:10,800473,WL,8501653,Acclima TDR315 8501653,26,14.5,14,614,4912
08/02/2024 7:20:10,800473,WL,8501653,Acclima TDR315 8501653,25.9,14.5,13.9,616,4977
08/02/2024 7:30:10,800473,WL,8501653,Acclima TDR315 8501653,26,14.5,14,620,4960
08/02/2024 7:40:10,800473,WL,8501653,Acclima TDR315 8501653,26,14.4,14,614,4912
08/02/2024 7:50:10,800473,WL,8501653,Acclima TDR315 8501653,26,14.4,14,609,4872
08/02/2024 8:00:10,800473,WL,8501653,Acclima TDR315 8501653,26,14.4,14,611,4888
08/02/2024 8:10:10,800473,WL,8501653,Acclima TDR315 8501653,26,14.3,14,611,4888
08/02/2024 8:20:10,800473,WL,8501653,Acclima TDR315 8501653,25.9,14.4,13.9,618,4993
08/02/2024 8:30:10,800473,WL,8501653,Acclima TDR315 8501653,26,14.3,14,611,4888
08/02/2024 8:40:10,800473,WL,8501653,Acclima TDR315 8501653,25.9,14.3,13.9,609,4921
08/02/2024 8:50:10,800473,WL,8501653,Acclima TDR315 8501653,25.9,14.3,13.9,614,4961
08/02/2024 9:00:10,800473,WL,8501653,Acclima TDR315 8501653,25.9,14.2,13.9,616,4977
08/02/2024 9:10:10,800473,WL,8501653,Acclima TDR315 8501653,26,14.2,14,611,4888
08/02/2024 9:20:10,800473,WL,8501653,Acclima TDR315 8501653,25.9,14.2,13.9,609,4921
08/02/2024 9:30:10,800473,WL,8501653,Acclima TDR315 8501653,26,14.3,14,609,4872
08/02/2024 9:40:10,800473,WL,8501653,Acclima TDR315 8501653,26,14.2,14,607,4856
08/02/2024 9:50:10,800473,WL,8501653,Acclima TDR315 8501653,25.9,14.2,13.9,605,4888
08/02/2024 10:00:10,800473,WL,8501653,Acclima TDR315 8501653,26,14.2,14,611,4888
08/02/2024 10:10:10,800473,WL,8501653,Acclima TDR315 8501653,25.9,14.1,13.9,609,4921
08/02/2024 10:20:10,800473,WL,8501653,Acclima TDR315 8501653,25.9,14.2,13.9,611,4937
08/02/2024 10:30:10,800473,WL,8501653,Acclima TDR315 8501653,26,14.2,14,601,4808
08/02/2024 10:40:10,800473,WL,8501653,Acclima TDR315 8501653,25.9,14.1,13.9,611,4937
08/02/2024 10:50:10,800473,WL,8501653,Acclima TDR315 8501653,25.9,14.1,13.9,611,4937
08/02/2024 11:00:10,800473,WL,8501653,Acclima TDR315 8501653,26.1,14.1,14.1,588,4657
08/02/2024 11:10:10,800473,WL,8501653,Acclima TDR315 8501653,26,14.1,14,609,4872
08/02/2024 11:20:08,800473,WL,8501653,Acclima TDR315 8501653,26.3,14.1,14.2,771,6047
07/02/2024 16:30:15,800473,WL,8501679,Acclima TDR315 8501679,6.3,17.4,4.3,49,1187
07/02/2024 16:40:11,800473,WL,8501679,Acclima TDR315 8501679,6.3,17.4,4.3,48,1163
07/02/2024 16:50:10,800473,WL,8501679,Acclima TDR315 8501679,6.3,17.4,4.3,48,1163
07/02/2024 17:00:10,800473,WL,8501679,Acclima TDR315 8501679,6.3,17.4,4.3,49,1187
07/02/2024 17:10:10,800473,WL,8501679,Acclima TDR315 8501679,6.3,17.4,4.3,49,1187
07/02/2024 17:20:13,800473,WL,8501679,Acclima TDR315 8501679,6.2,17.4,4.2,48,1200
07/02/2024 17:30:13,800473,WL,8501679,Acclima TDR315 8501679,6.3,17.4,4.3,50,1212
07/02/2024 17:40:13,800473,WL,8501679,Acclima TDR315 8501679,6.3,17.4,4.3,49,1187
07/02/2024 17:50:13,800473,WL,8501679,Acclima TDR315 8501679,6.3,17.4,4.3,48,1163
07/02/2024 18:00:13,800473,WL,8501679,Acclima TDR315 8501679,6.2,17.4,4.2,48,1200
07/02/2024 18:10:13,800473,WL,8501679,Acclima TDR315 8501679,6.2,17.4,4.2,48,1200
07/02/2024 18:20:13,800473,WL,8501679,Acclima TDR315 8501679,6.3,17.4,4.3,49,1187
07/02/2024 18:30:13,800473,WL,8501679,Acclima TDR315 8501679,6.3,17.4,4.3,49,1187
07/02/2024 18:40:13,800473,WL,8501679,Acclima TDR315 8501679,6.3,17.4,4.3,49,1187
07/02/2024 18:50:13,800473,WL,8501679,Acclima TDR315 8501679,6.3,17.4,4.3,49,1187
07/02/2024 19:00:13,800473,WL,8501679,Acclima TDR315 8501679,6.2,17.4,4.2,49,1225
07/02/2024 19:10:13,800473,WL,8501679,Acclima TDR315 8501679,6.2,17.4,4.2,49,1225
07/02/2024 19:20:13,800473,WL,8501679,Acclima TDR315 8501679,6.3,17.4,4.3,48,1163
07/02/2024 19:30:13,800473,WL,8501679,Acclima TDR315 8501679,6.3,17.4,4.3,49,1187
07/02/2024 19:40:13,800473,WL,8501679,Acclima TDR315 8501679,6.3,17.4,4.3,49,1187
07/02/2024 19:50:13,800473,WL,8501679,Acclima TDR315 8501679,6.2,17.4,4.2,48,1200
07/02/2024 20:00:13,800473,WL,8501679,Acclima TDR315 8501679,6.3,17.4,4.3,48,1163
07/02/2024 20:10:13,800473,WL,8501679,Acclima TDR315 8501679,6.2,17.4,4.2,49,1225
07/02/2024 20:20:13,800473,WL,8501679,Acclima TDR315 8501679,6.3,17.4,4.3,48,1163
07/02/2024 20:30:13,800473,WL,8501679,Acclima TDR315 8501679,6.3,17.4,4.3,49,1187
07/02/2024 20:40:13,800473,WL,8501679,Acclima TDR315 8501679,6.2,17.4,4.2,49,1225
07/02/2024 20:50:13,800473,WL,8501679,Acclima TDR315 8501679,6.3,17.4,4.3,49,1187
07/02/2024 21:00:13,800473,WL,8501679,Acclima TDR315 8501679,6.2,17.4,4.2,48,1200
07/02/2024 21:10:13,800473,WL,8501679,Acclima TDR315 8501679,6.3,17.4,4.3,49,1187
07/02/2024 21:20:13,800473,WL,8501679,Acclima TDR315 8501679,6.3,17.4,4.3,49,1187
07/02/2024 21:30:13,800473,WL,8501679,Acclima TDR315 8501679,6.3,17.4,4.3,50,1212
07/02/2024 21:40:13,800473,WL,8501679,Acclima TDR315 8501679,6.2,17.4,4.2,49,1225
07/02/2024 21:50:13,800473,WL,8501679,Acclima TDR315 8501679,6.3,17.3,4.3,49,1187
07/02/2024 22:00:13,800473,WL,8501679,Acclima TDR315 8501679,6.3,17.4,4.3,49,1187
07/02/2024 22:10:13,800473,WL,8501679,Acclima TDR315 8501679,6.3,17.4,4.3,49,1187
07/02/2024 22:20:13,800473,WL,8501679,Acclima TDR315 8501679,6.3,17.4,4.3,49,1187
07/02/2024 22:30:13,800473,WL,8501679,Acclima TDR315 8501679,6.3,17.4,4.3,50,1212
07/02/2024 22:40:13,800473,WL,8501679,Acclima TDR315 8501679,6.3,17.4,4.3,49,1187
07/02/2024 22:50:13,800473,WL,8501679,Acclima TDR315 8501679,6.3,17.4,4.3,48,1163
07/02/2024 23:00:13,800473,WL,8501679,Acclima TDR315 8501679,6.2,17.4,4.2,50,1250
07/02/2024 23:10:13,800473,WL,8501679,Acclima TDR315 8501679,6.2,17.4,4.2,50,1250
07/02/2024 23:20:13,800473,WL,8501679,Acclima TDR315 8501679,6.3,17.4,4.3,49,1187
07/02/2024 23:30:13,800473,WL,8501679,Acclima TDR315 8501679,6.2,17.4,4.2,49,1225
07/02/2024 23:40:13,800473,WL,8501679,Acclima TDR315 8501679,6.2,17.4,4.2,48,1200
07/02/2024 23:50:13,800473,WL,8501679,Acclima TDR315 8501679,6.2,17.4,4.2,48,1200
08/02/2024 0:00:13,800473,WL,8501679,Acclima TDR315 8501679,6.2,17.4,4.2,49,1225
08/02/2024 0:10:13,800473,WL,8501679,Acclima TDR315 8501679,6.3,17.4,4.3,49,1187
08/02/2024 0:20:13,800473,WL,8501679,Acclima TDR315 8501679,6.3,17.4,4.3,49,1187
08/02/2024 0:30:13,800473,WL,8501679,Acclima TDR315 8501679,6.3,17.4,4.3,49,1187
08/02/2024 0:40:13,800473,WL,8501679,Acclima TDR315 8501679,6.2,17.4,4.2,49,1225
08/02/2024 0:50:13,800473,WL,8501679,Acclima TDR315 8501679,6.2,17.4,4.2,50,1250
08/02/2024 1:00:13,800473,WL,8501679,Acclima TDR315 8501679,6.3,17.4,4.3,50,1212
08/02/2024 1:10:13,800473,WL,8501679,Acclima TDR315 8501679,6.3,17.4,4.3,50,1212
08/02/2024 1:20:13,800473,WL,8501679,Acclima TDR315 8501679,6.2,17.4,4.2,49,1225
08/02/2024 1:30:13,800473,WL,8501679,Acclima TDR315 8501679,6.2,17.4,4.2,49,1225
08/02/2024 1:40:13,800473,WL,8501679,Acclima TDR315 8501679,6.2,17.4,4.2,50,1250
08/02/2024 1:50:13,800473,WL,8501679,Acclima TDR315 8501679,6.3,17.4,4.3,49,1187
08/02/2024 2:00:13,800473,WL,8501679,Acclima TDR315 8501679,6.2,17.4,4.2,50,1250
08/02/2024 2:10:13,800473,WL,8501679,Acclima TDR315 8501679,6.3,17.4,4.3,49,1187
08/02/2024 2:20:13,800473,WL,8501679,Acclima TDR315 8501679,6.2,17.4,4.2,50,1250
08/02/2024 2:30:13,800473,WL,8501679,Acclima TDR315 8501679,6.2,17.4,4.2,50,1250
08/02/2024 2:40:13,800473,WL,8501679,Acclima TDR315 8501679,6.2,17.4,4.2,49,1225
08/02/2024 2:50:13,800473,WL,8501679,Acclima TDR315 8501679,6.3,17.4,4.3,49,1187
08/02/2024 3:00:13,800473,WL,8501679,Acclima TDR315 8501679,6.3,17.4,4.3,49,1187
08/02/2024 3:10:13,800473,WL,8501679,Acclima TDR315 8501679,6.2,17.4,4.2,48,1200
08/02/2024 3:20:13,800473,WL,8501679,Acclima TDR315 8501679,6.2,17.4,4.2,50,1250
08/02/2024 3:30:13,800473,WL,8501679,Acclima TDR315 8501679,6.2,17.4,4.2,49,1225
08/02/2024 3:40:13,800473,WL,8501679,Acclima TDR315 8501679,6.3,17.4,4.3,49,1187
08/02/2024 3:50:13,800473,WL,8501679,Acclima TDR315 8501679,6.2,17.4,4.2,49,1225
08/02/2024 4:00:13,800473,WL,8501679,Acclima TDR315 8501679,6.3,17.4,4.3,50,1212
08/02/2024 4:10:13,800473,WL,8501679,Acclima TDR315 8501679,6.3,17.4,4.3,50,1212
08/02/2024 4:20:13,800473,WL,8501679,Acclima TDR315 8501679,6.3,17.4,4.3,50,1212
08/02/2024 4:30:13,800473,WL,8501679,Acclima TDR315 8501679,6.3,17.4,4.3,49,1187
08/02/2024 4:40:13,800473,WL,8501679,Acclima TDR315 8501679,6.3,17.4,4.3,50,1212
08/02/2024 4:50:13,800473,WL,8501679,Acclima TDR315 8501679,6.3,17.4,4.3,50,1212
08/02/2024 5:00:13,800473,WL,8501679,Acclima TDR315 8501679,6.3,17.4,4.3,50,1212
08/02/2024 5:10:13,800473,WL,8501679,Acclima TDR315 8501679,6.2,17.4,4.2,49,1225
08/02/2024 5:20:13,800473,WL,8501679,Acclima TDR315 8501679,6.3,17.4,4.3,49,1187
08/02/2024 5:30:13,800473,WL,8501679,Acclima TDR315 8501679,6.3,17.4,4.3,50,1212
08/02/2024 5:40:13,800473,WL,8501679,Acclima TDR315 8501679,6.3,17.4,4.3,49,1187
08/02/2024 5:50:13,800473,WL,8501679,Acclima TDR315 8501679,6.3,17.4,4.3,50,1212
08/02/2024 6:00:13,800473,WL,8501679,Acclima TDR315 8501679,6.3,17.4,4.3,49,1187
08/02/2024 6:10:13,800473,WL,8501679,Acclima TDR315 8501679,6.3,17.4,4.3,50,1212
08/02/2024 6:20:13,800473,WL,8501679,Acclima TDR315 8501679,6.3,17.4,4.3,50,1212
08/02/2024 6:30:13,800473,WL,8501679,Acclima TDR315 8501679,6.2,17.4,4.2,50,1250
08/02/2024 6:40:13,800473,WL,8501679,Acclima TDR315 8501679,6.3,17.4,4.3,50,1212
08/02/2024 6:50:13,800473,WL,8501679,Acclima TDR315 8501679,6.3,17.4,4.3,50,1212
08/02/2024 7:00:13,800473,WL,8501679,Acclima TDR315 8501679,6.3,17.4,4.3,49,1187
08/02/2024 7:10:13,800473,WL,8501679,Acclima TDR315 8501679,6.2,17.4,4.2,51,1275
08/02/2024 7:20:13,800473,WL,8501679,Acclima TDR315 8501679,6.2,17.4,4.2,50,1250
08/02/2024 7:30:13,800473,WL,8501679,Acclima TDR315 8501679,6.3,17.4,4.3,50,1212
08/02/2024 7:40:13,800473,WL,8501679,Acclima TDR315 8501679,6.2,17.4,4.2,50,1250
08/02/2024 7:50:13,800473,WL,8501679,Acclima TDR315 8501679,6.2,17.4,4.2,50,1250
08/02/2024 8:00:13,800473,WL,8501679,Acclima TDR315 8501679,6.3,17.4,4.3,50,1212
08/02/2024 8:10:13,800473,WL,8501679,Acclima TDR315 8501679,6.2,17.4,4.2,49,1225
08/02/2024 8:20:13,800473,WL,8501679,Acclima TDR315 8501679,6.2,17.4,4.2,50,1250
08/02/2024 8:30:13,800473,WL,8501679,Acclima TDR315 8501679,6.3,17.4,4.3,50,1212
08/02/2024 8:40:13,800473,WL,8501679,Acclima TDR315 8501679,6.2,17.4,4.2,50,1250
08/02/2024 8:50:13,800473,WL,8501679,Acclima TDR315 8501679,6.3,17.4,4.3,50,1212
08/02/2024 9:00:13,800473,WL,8501679,Acclima TDR315 8501679,6.2,17.4,4.2,49,1225
08/02/2024 9:10:13,800473,WL,8501679,Acclima TDR315 8501679,6.2,17.4,4.2,50,1250
08/02/2024 9:20:13,800473,WL,8501679,Acclima TDR315 8501679,6.3,17.4,4.3,50,1212
08/02/2024 9:30:13,800473,WL,8501679,Acclima TDR315 8501679,6.2,17.4,4.2,50,1250
08/02/2024 9:40:13,800473,WL,8501679,Acclima TDR315 8501679,6.2,17.4,4.2,50,1250
08/02/2024 9:50:13,800473,WL,8501679,Acclima TDR315 8501679,6.2,17.4,4.2,50,1250
08/02/2024 10:00:13,800473,WL,8501679,Acclima TDR315 8501679,6.2,17.4,4.2,50,1250
08/02/2024 10:10:13,800473,WL,8501679,Acclima TDR315 8501679,6.3,17.4,4.3,49,1187
08/02/2024 10:20:13,800473,WL,8501679,Acclima TDR315 8501679,6.2,17.4,4.2,50,1250
08/02/2024 10:30:13,800473,WL,8501679,Acclima TDR315 8501679,6.2,17.4,4.2,49,1225
08/02/2024 10:40:13,800473,WL,8501679,Acclima TDR315 8501679,6.3,17.4,4.3,50,1212
08/02/2024 10:50:13,800473,WL,8501679,Acclima TDR315 8501679,6.2,17.4,4.2,49,1225
08/02/2024 11:00:13,800473,WL,8501679,Acclima TDR315 8501679,6.2,17.4,4.2,46,1150
08/02/2024 11:10:13,800473,WL,8501679,Acclima TDR315 8501679,6.2,17.4,4.2,50,1250
08/02/2024 11:20:10,800473,WL,8501679,Acclima TDR315 8501679,6.2,17.4,4.2,59,1475
07/02/2024 16:30:14,800473,WL,8501693,Acclima TDR315 8501693,27.1,14,14.7,513,3835
07/02/2024 16:40:09,800473,WL,8501693,Acclima TDR315 8501693,27,13.9,14.6,521,3932
07/02/2024 16:50:09,800473,WL,8501693,Acclima TDR315 8501693,27.1,14,14.7,526,3932
07/02/2024 17:00:09,800473,WL,8501693,Acclima TDR315 8501693,26.9,13.9,14.5,513,3908
07/02/2024 17:10:09,800473,WL,8501693,Acclima TDR315 8501693,27.2,13.9,14.7,513,3835
07/02/2024 17:20:11,800473,WL,8501693,Acclima TDR315 8501693,26.9,14,14.5,515,3923
07/02/2024 17:30:11,800473,WL,8501693,Acclima TDR315 8501693,26.8,14,14.5,511,3893
07/02/2024 17:40:11,800473,WL,8501693,Acclima TDR315 8501693,27,14,14.6,521,3932
07/02/2024 17:50:11,800473,WL,8501693,Acclima TDR315 8501693,26.8,14,14.5,517,3939
07/02/2024 18:00:11,800473,WL,8501693,Acclima TDR315 8501693,26.8,14,14.5,515,3923
07/02/2024 18:10:11,800473,WL,8501693,Acclima TDR315 8501693,26.9,14,14.5,521,3969
07/02/2024 18:20:11,800473,WL,8501693,Acclima TDR315 8501693,26.9,14,14.5,513,3908
07/02/2024 18:30:11,800473,WL,8501693,Acclima TDR315 8501693,26.8,14,14.5,509,3878
07/02/2024 18:40:11,800473,WL,8501693,Acclima TDR315 8501693,26.9,14,14.6,521,3932
07/02/2024 18:50:11,800473,WL,8501693,Acclima TDR315 8501693,26.9,14.1,14.6,530,3999
07/02/2024 19:00:11,800473,WL,8501693,Acclima TDR315 8501693,26.9,14.1,14.6,521,3932
07/02/2024 19:10:11,800473,WL,8501693,Acclima TDR315 8501693,26.9,14.1,14.6,511,3856
07/02/2024 19:20:11,800473,WL,8501693,Acclima TDR315 8501693,26.8,14.1,14.5,513,3908
07/02/2024 19:30:11,800473,WL,8501693,Acclima TDR315 8501693,26.8,14.1,14.5,521,3969
07/02/2024 19:40:11,800473,WL,8501693,Acclima TDR315 8501693,26.8,14.1,14.5,513,3908
07/02/2024 19:50:11,800473,WL,8501693,Acclima TDR315 8501693,26.9,14.2,14.6,521,3932
07/02/2024 20:00:11,800473,WL,8501693,Acclima TDR315 8501693,27.2,14.1,14.7,522,3902
07/02/2024 20:10:11,800473,WL,8501693,Acclima TDR315 8501693,26.8,14.2,14.5,521,3969
07/02/2024 20:20:11,800473,WL,8501693,Acclima TDR315 8501693,26.8,14.2,14.5,517,3939
07/02/2024 20:30:11,800473,WL,8501693,Acclima TDR315 8501693,26.9,14.2,14.5,513,3908
07/02/2024 20:40:11,800473,WL,8501693,Acclima TDR315 8501693,27,14.2,14.6,511,3856
07/02/2024 20:50:11,800473,WL,8501693,Acclima TDR315 8501693,26.8,14.2,14.5,517,3939
07/02/2024 21:00:11,800473,WL,8501693,Acclima TDR315 8501693,26.9,14.2,14.5,521,3969
07/02/2024 21:10:11,800473,WL,8501693,Acclima TDR315 8501693,26.8,14.2,14.5,517,3939
07/02/2024 21:20:11,800473,WL,8501693,Acclima TDR315 8501693,26.8,14.2,14.5,528,4022
07/02/2024 21:30:11,800473,WL,8501693,Acclima TDR315 8501693,26.9,14.2,14.6,517,3901
07/02/2024 21:40:11,800473,WL,8501693,Acclima TDR315 8501693,26.8,14.2,14.5,522,3977
07/02/2024 21:50:11,800473,WL,8501693,Acclima TDR315 8501693,26.8,14.2,14.5,521,3969
07/02/2024 22:00:11,800473,WL,8501693,Acclima TDR315 8501693,26.9,14.2,14.6,515,3886
07/02/2024 22:10:11,800473,WL,8501693,Acclima TDR315 8501693,26.9,14.3,14.5,521,3969
07/02/2024 22:20:11,800473,WL,8501693,Acclima TDR315 8501693,26.8,14.2,14.5,513,3908
07/02/2024 22:30:11,800473,WL,8501693,Acclima TDR315 8501693,27,14.3,14.6,526,3969
07/02/2024 22:40:11,800473,WL,8501693,Acclima TDR315 8501693,26.9,14.2,14.5,511,3893
07/02/2024 22:50:11,800473,WL,8501693,Acclima TDR315 8501693,26.8,14.3,14.5,522,3977
07/02/2024 23:00:11,800473,WL,8501693,Acclima TDR315 8501693,27,14.3,14.6,513,3871
07/02/2024 23:10:11,800473,WL,8501693,Acclima TDR315 8501693,27.1,14.3,14.7,521,3895
07/02/2024 23:20:11,800473,WL,8501693,Acclima TDR315 8501693,26.7,14.3,14.4,526,4046
07/02/2024 23:30:11,800473,WL,8501693,Acclima TDR315 8501693,26.8,14.3,14.5,521,3969
07/02/2024 23:40:11,800473,WL,8501693,Acclima TDR315 8501693,26.9,14.3,14.5,513,3908
07/02/2024 23:50:11,800473,WL,8501693,Acclima TDR315 8501693,26.7,14.3,14.4,521,4007
08/02/2024 0:00:11,800473,WL,8501693,Acclima TDR315 8501693,26.8,14.3,14.5,526,4007
08/02/2024 0:10:11,800473,WL,8501693,Acclima TDR315 8501693,26.8,14.3,14.5,522,3977
08/02/2024 0:20:11,800473,WL,8501693,Acclima TDR315 8501693,26.7,14.3,14.4,522,4015
08/02/2024 0:30:11,800473,WL,8501693,Acclima TDR315 8501693,26.8,14.3,14.5,528,4022
08/02/2024 0:40:11,800473,WL,8501693,Acclima TDR315 8501693,26.8,14.3,14.5,522,3977
08/02/2024 0:50:11,800473,WL,8501693,Acclima TDR315 8501693,26.7,14.3,14.4,521,4007
08/02/2024 1:00:11,800473,WL,8501693,Acclima TDR315 8501693,26.8,14.3,14.5,515,3923
08/02/2024 1:10:11,800473,WL,8501693,Acclima TDR315 8501693,26.7,14.3,14.4,521,4007
08/02/2024 1:20:11,800473,WL,8501693,Acclima TDR315 8501693,26.7,14.3,14.4,513,3946
08/02/2024 1:30:11,800473,WL,8501693,Acclima TDR315 8501693,26.9,14.3,14.6,521,3932
08/02/2024 1:40:11,800473,WL,8501693,Acclima TDR315 8501693,26.8,14.3,14.5,515,3923
08/02/2024 1:50:11,800473,WL,8501693,Acclima TDR315 8501693,26.6,14.3,14.4,521,4007
08/02/2024 2:00:11,800473,WL,8501693,Acclima TDR315 8501693,26.9,14.3,14.5,519,3954
08/02/2024 2:10:11,800473,WL,8501693,Acclima TDR315 8501693,26.8,14.3,14.5,524,3992
08/02/2024 2:20:11,800473,WL,8501693,Acclima TDR315 8501693,26.8,14.3,14.5,522,3977
08/02/2024 2:30:11,800473,WL,8501693,Acclima TDR315 8501693,26.7,14.3,14.4,517,3976
08/02/2024 2:40:11,800473,WL,8501693,Acclima TDR315 8501693,26.9,14.3,14.5,517,3939
08/02/2024 2:50:11,800473,WL,8501693,Acclima TDR315 8501693,26.7,14.3,14.4,513,3946
08/02/2024 3:00:11,800473,WL,8501693,Acclima TDR315 8501693,26.8,14.3,14.5,513,3908
08/02/2024 3:10:11,800473,WL,8501693,Acclima TDR315 8501693,26.7,14.3,14.4,522,4015
08/02/2024 3:20:11,800473,WL,8501693,Acclima TDR315 8501693,26.9,14.3,14.5,522,3977
08/02/2024 3:30:11,800473,WL,8501693,Acclima TDR315 8501693,26.9,14.3,14.6,521,3932
08/02/2024 3:40:11,800473,WL,8501693,Acclima TDR315 8501693,26.8,14.3,14.5,513,3908
08/02/2024 3:50:11,800473,WL,8501693,Acclima TDR315 8501693,26.9,14.3,14.5,513,3908
08/02/2024 4:00:11,800473,WL,8501693,Acclima TDR315 8501693,26.7,14.3,14.4,509,3915
08/02/2024 4:10:11,800473,WL,8501693,Acclima TDR315 8501693,26.8,14.2,14.5,513,3908
08/02/2024 4:20:11,800473,WL,8501693,Acclima TDR315 8501693,26.9,14.3,14.5,522,3977
08/02/2024 4:30:11,800473,WL,8501693,Acclima TDR315 8501693,26.8,14.2,14.5,521,3969
08/02/2024 4:40:11,800473,WL,8501693,Acclima TDR315 8501693,27.1,14.2,14.7,509,3805
08/02/2024 4:50:11,800473,WL,8501693,Acclima TDR315 8501693,26.8,14.3,14.5,521,3969
08/02/2024 5:00:11,800473,WL,8501693,Acclima TDR315 8501693,26.7,14.3,14.4,521,4007
08/02/2024 5:10:11,800473,WL,8501693,Acclima TDR315 8501693,26.7,14.2,14.4,511,3930
08/02/2024 5:20:11,800473,WL,8501693,Acclima TDR315 8501693,26.6,14.2,14.4,511,3930
08/02/2024 5:30:11,800473,WL,8501693,Acclima TDR315 8501693,26.9,14.2,14.5,522,3977
08/02/2024 5:40:11,800473,WL,8501693,Acclima TDR315 8501693,26.8,14.2,14.5,511,3893
08/02/2024 5:50:11,800473,WL,8501693,Acclima TDR315 8501693,26.8,14.2,14.5,521,3969
08/02/2024 6:00:11,800473,WL,8501693,Acclima TDR315 8501693,26.7,14.2,14.4,522,4015
08/02/2024 6:10:11,800473,WL,8501693,Acclima TDR315 8501693,26.9,14.2,14.6,521,3932
08/02/2024 6:20:11,800473,WL,8501693,Acclima TDR315 8501693,26.8,14.2,14.5,521,3969
08/02/2024 6:30:11,800473,WL,8501693,Acclima TDR315 8501693,26.8,14.2,14.5,513,3908
08/02/2024 6:40:11,800473,WL,8501693,Acclima TDR315 8501693,26.9,14.1,14.5,513,3908
08/02/2024 6:50:11,800473,WL,8501693,Acclima TDR315 8501693,26.8,14.2,14.5,522,3977
08/02/2024 7:00:11,800473,WL,8501693,Acclima TDR315 8501693,26.6,14.2,14.4,513,3946
08/02/2024 7:10:11,800473,WL,8501693,Acclima TDR315 8501693,26.8,14.2,14.5,513,3908
08/02/2024 7:20:11,800473,WL,8501693,Acclima TDR315 8501693,26.8,14.2,14.5,517,3939
08/02/2024 7:30:11,800473,WL,8501693,Acclima TDR315 8501693,26.8,14.1,14.5,519,3954
08/02/2024 7:40:11,800473,WL,8501693,Acclima TDR315 8501693,26.9,14.1,14.6,521,3932
08/02/2024 7:50:11,800473,WL,8501693,Acclima TDR315 8501693,26.7,14.1,14.4,513,3946
08/02/2024 8:00:11,800473,WL,8501693,Acclima TDR315 8501693,26.8,14.1,14.5,515,3923
08/02/2024 8:10:11,800473,WL,8501693,Acclima TDR315 8501693,26.5,14.1,14.3,522,4054
08/02/2024 8:20:11,800473,WL,8501693,Acclima TDR315 8501693,26.8,14.1,14.5,513,3908
08/02/2024 8:30:11,800473,WL,8501693,Acclima TDR315 8501693,26.8,14.1,14.5,513,3908
08/02/2024 8:40:11,800473,WL,8501693,Acclima TDR315 8501693,26.5,14.1,14.3,513,3984
08/02/2024 8:50:11,800473,WL,8501693,Acclima TDR315 8501693,26.6,14,14.4,517,3976
08/02/2024 9:00:11,800473,WL,8501693,Acclima TDR315 8501693,26.8,14,14.5,511,3893
08/02/2024 9:10:11,800473,WL,8501693,Acclima TDR315 8501693,26.8,14.1,14.5,513,3908
08/02/2024 9:20:11,800473,WL,8501693,Acclima TDR315 8501693,26.9,14,14.6,513,3871
08/02/2024 9:30:11,800473,WL,8501693,Acclima TDR315 8501693,26.8,14,14.5,505,3847
08/02/2024 9:40:11,800473,WL,8501693,Acclima TDR315 8501693,26.8,14,14.5,513,3908
08/02/2024 9:50:11,800473,WL,8501693,Acclima TDR315 8501693,26.6,14,14.4,509,3915
08/02/2024 10:00:11,800473,WL,8501693,Acclima TDR315 8501693,26.7,14,14.4,505,3884
08/02/2024 10:10:11,800473,WL,8501693,Acclima TDR315 8501693,26.7,13.9,14.4,513,3946
08/02/2024 10:20:12,800473,WL,8501693,Acclima TDR315 8501693,26.9,14,14.5,507,3862
08/02/2024 10:30:11,800473,WL,8501693,Acclima TDR315 8501693,26.7,13.9,14.4,517,3976
08/02/2024 10:40:11,800473,WL,8501693,Acclima TDR315 8501693,26.7,13.9,14.4,509,3915
08/02/2024 10:50:11,800473,WL,8501693,Acclima TDR315 8501693,26.8,13.9,14.5,513,3908
08/02/2024 11:00:12,800473,WL,8501693,Acclima TDR315 8501693,35.1,13.9,20.5,373,1808
08/02/2024 11:10:12,800473,WL,8501693,Acclima TDR315 8501693,26.6,13.9,14.4,487,3746
08/02/2024 11:20:09,800473,WL,8501693,Acclima TDR315 8501693,26.5,13.9,14.3,392,3044
07/02/2024 16:20:05,800473,WL,8501718,Acclima TDR315 8501718,27.9,14.3,15.2,550,3928
07/02/2024 16:30:11,800473,WL,8501718,Acclima TDR315 8501718,27.9,14.3,15.2,560,4000
07/02/2024 16:40:07,800473,WL,8501718,Acclima TDR315 8501718,28,14.3,15.3,558,3950
07/02/2024 16:50:06,800473,WL,8501718,Acclima TDR315 8501718,28,14.3,15.2,554,3957
07/02/2024 17:00:06,800473,WL,8501718,Acclima TDR315 8501718,27.9,14.3,15.2,554,3957
07/02/2024 17:10:06,800473,WL,8501718,Acclima TDR315 8501718,28,14.3,15.2,544,3885
07/02/2024 17:20:09,800473,WL,8501718,Acclima TDR315 8501718,27.7,14.3,15.1,552,3978
07/02/2024 17:30:09,800473,WL,8501718,Acclima TDR315 8501718,27.9,14.3,15.2,558,3985
07/02/2024 17:40:09,800473,WL,8501718,Acclima TDR315 8501718,27.8,14.3,15.1,558,4021
07/02/2024 17:50:09,800473,WL,8501718,Acclima TDR315 8501718,27.9,14.3,15.2,544,3885
07/02/2024 18:00:09,800473,WL,8501718,Acclima TDR315 8501718,27.9,14.3,15.2,569,4064
07/02/2024 18:10:09,800473,WL,8501718,Acclima TDR315 8501718,27.9,14.3,15.2,552,3942
07/02/2024 18:20:09,800473,WL,8501718,Acclima TDR315 8501718,27.7,14.3,15,542,3941
07/02/2024 18:30:09,800473,WL,8501718,Acclima TDR315 8501718,27.9,14.3,15.2,556,3971
07/02/2024 18:40:09,800473,WL,8501718,Acclima TDR315 8501718,27.9,14.3,15.2,567,4050
07/02/2024 18:50:09,800473,WL,8501718,Acclima TDR315 8501718,27.7,14.3,15.1,554,3992
07/02/2024 19:00:09,800473,WL,8501718,Acclima TDR315 8501718,27.8,14.3,15.1,554,3992
07/02/2024 19:10:09,800473,WL,8501718,Acclima TDR315 8501718,27.8,14.3,15.1,544,3920
07/02/2024 19:20:09,800473,WL,8501718,Acclima TDR315 8501718,27.9,14.3,15.2,552,3942
07/02/2024 19:30:09,800473,WL,8501718,Acclima TDR315 8501718,27.8,14.4,15.1,556,4007
07/02/2024 19:40:09,800473,WL,8501718,Acclima TDR315 8501718,27.8,14.3,15.1,552,3978
07/02/2024 19:50:09,800473,WL,8501718,Acclima TDR315 8501718,27.8,14.3,15.1,552,3978
07/02/2024 20:00:09,800473,WL,8501718,Acclima TDR315 8501718,27.9,14.4,15.2,554,3957
07/02/2024 20:10:09,800473,WL,8501718,Acclima TDR315 8501718,27.7,14.3,15,538,3912
07/02/2024 20:20:09,800473,WL,8501718,Acclima TDR315 8501718,27.9,14.4,15.2,542,3871
07/02/2024 20:30:09,800473,WL,8501718,Acclima TDR315 8501718,27.9,14.3,15.2,552,3942
07/02/2024 20:40:09,800473,WL,8501718,Acclima TDR315 8501718,27.7,14.4,15.1,558,4021
07/02/2024 20:50:09,800473,WL,8501718,Acclima TDR315 8501718,27.8,14.3,15.1,550,3963
07/02/2024 21:00:09,800473,WL,8501718,Acclima TDR315 8501718,27.9,14.4,15.2,561,4007
07/02/2024 21:10:09,800473,WL,8501718,Acclima TDR315 8501718,27.7,14.4,15.1,558,4021
07/02/2024 21:20:09,800473,WL,8501718,Acclima TDR315 8501718,27.7,14.4,15.1,563,4057
07/02/2024 21:30:09,800473,WL,8501718,Acclima TDR315 8501718,27.7,14.4,15.1,560,4036
07/02/2024 21:40:09,800473,WL,8501718,Acclima TDR315 8501718,27.9,14.4,15.2,561,4007
07/02/2024 21:50:09,800473,WL,8501718,Acclima TDR315 8501718,27.8,14.4,15.1,536,3863
07/02/2024 22:00:09,800473,WL,8501718,Acclima TDR315 8501718,27.7,14.4,15.1,563,4057
07/02/2024 22:10:09,800473,WL,8501718,Acclima TDR315 8501718,27.9,14.4,15.2,554,3957
07/02/2024 22:20:09,800473,WL,8501718,Acclima TDR315 8501718,27.9,14.4,15.2,558,3985
07/02/2024 22:30:09,800473,WL,8501718,Acclima TDR315 8501718,27.7,14.4,15.1,556,4007
07/02/2024 22:40:09,800473,WL,8501718,Acclima TDR315 8501718,27.9,14.4,15.2,558,3985
07/02/2024 22:50:09,800473,WL,8501718,Acclima TDR315 8501718,27.9,14.4,15.2,552,3942
07/02/2024 23:00:09,800473,WL,8501718,Acclima TDR315 8501718,27.7,14.4,15,558,4058
07/02/2024 23:10:09,800473,WL,8501718,Acclima TDR315 8501718,28,14.4,15.2,552,3942
07/02/2024 23:20:09,800473,WL,8501718,Acclima TDR315 8501718,27.7,14.5,15.1,552,3978
07/02/2024 23:30:09,800473,WL,8501718,Acclima TDR315 8501718,27.8,14.4,15.1,561,4043
07/02/2024 23:40:09,800473,WL,8501718,Acclima TDR315 8501718,27.7,14.4,15,563,4094
07/02/2024 23:50:09,800473,WL,8501718,Acclima TDR315 8501718,27.8,14.4,15.1,542,3906
08/02/2024 0:00:09,800473,WL,8501718,Acclima TDR315 8501718,27.7,14.4,15.1,563,4057
08/02/2024 0:10:09,800473,WL,8501718,Acclima TDR315 8501718,27.9,14.5,15.2,552,3942
08/02/2024 0:20:09,800473,WL,8501718,Acclima TDR315 8501718,27.7,14.5,15.1,567,4086
08/02/2024 0:30:09,800473,WL,8501718,Acclima TDR315 8501718,27.7,14.5,15.1,552,3978
08/02/2024 0:40:09,800473,WL,8501718,Acclima TDR315 8501718,27.9,14.5,15.2,560,4000
08/02/2024 0:50:09,800473,WL,8501718,Acclima TDR315 8501718,27.9,14.5,15.2,560,4000
08/02/2024 1:00:09,800473,WL,8501718,Acclima TDR315 8501718,27.8,14.5,15.1,552,3978
08/02/2024 1:10:09,800473,WL,8501718,Acclima TDR315 8501718,27.9,14.5,15.2,563,4021
08/02/2024 1:20:09,800473,WL,8501718,Acclima TDR315 8501718,27.7,14.5,15.1,552,3978
08/02/2024 1:30:09,800473,WL,8501718,Acclima TDR315 8501718,27.8,14.5,15.1,548,3949
08/02/2024 1:40:09,800473,WL,8501718,Acclima TDR315 8501718,27.9,14.5,15.2,546,3900
08/02/2024 1:50:09,800473,WL,8501718,Acclima TDR315 8501718,27.7,14.5,15.1,556,4007
08/02/2024 2:00:09,800473,WL,8501718,Acclima TDR315 8501718,27.8,14.5,15.1,548,3949
08/02/2024 2:10:09,800473,WL,8501718,Acclima TDR315 8501718,27.8,14.5,15.1,558,4021
08/02/2024 2:20:09,800473,WL,8501718,Acclima TDR315 8501718,27.7,14.5,15.1,544,3920
08/02/2024 2:30:09,800473,WL,8501718,Acclima TDR315 8501718,27.8,14.5,15.1,546,3935
08/02/2024 2:40:09,800473,WL,8501718,Acclima TDR315 8501718,27.9,14.5,15.2,561,4007
08/02/2024 2:50:09,800473,WL,8501718,Acclima TDR315 8501718,27.7,14.6,15.1,561,4043
08/02/2024 3:00:09,800473,WL,8501718,Acclima TDR315 8501718,27.8,14.5,15.1,558,4021
08/02/2024 3:10:09,800473,WL,8501718,Acclima TDR315 8501718,27.8,14.5,15.1,565,4072
08/02/2024 3:20:09,800473,WL,8501718,Acclima TDR315 8501718,27.7,14.6,15,556,4043
08/02/2024 3:30:09,800473,WL,8501718,Acclima TDR315 8501718,27.8,14.6,15.1,546,3935
08/02/2024 3:40:09,800473,WL,8501718,Acclima TDR315 8501718,27.8,14.6,15.1,546,3935
08/02/2024 3:50:09,800473,WL,8501718,Acclima TDR315 8501718,27.6,14.6,15,554,4029
08/02/2024 4:00:09,800473,WL,8501718,Acclima TDR315 8501718,27.9,14.6,15.2,544,3885
08/02/2024 4:10:09,800473,WL,8501718,Acclima TDR315 8501718,27.9,14.5,15.2,554,3957
08/02/2024 4:20:09,800473,WL,8501718,Acclima TDR315 8501718,27.8,14.6,15.1,561,4043
08/02/2024 4:30:09,800473,WL,8501718,Acclima TDR315 8501718,27.8,14.6,15.1,558,4021
08/02/2024 4:40:09,800473,WL,8501718,Acclima TDR315 8501718,27.9,14.6,15.2,544,3885
08/02/2024 4:50:09,800473,WL,8501718,Acclima TDR315 8501718,27.7,14.5,15,542,3941
08/02/2024 5:00:09,800473,WL,8501718,Acclima TDR315 8501718,27.8,14.6,15.1,552,3978
08/02/2024 5:10:09,800473,WL,8501718,Acclima TDR315 8501718,27.7,14.6,15,556,4043
08/02/2024 5:20:09,800473,WL,8501718,Acclima TDR315 8501718,27.7,14.6,15.1,569,4100
08/02/2024 5:30:09,800473,WL,8501718,Acclima TDR315 8501718,27.7,14.6,15.1,560,4036
08/02/2024 5:40:09,800473,WL,8501718,Acclima TDR315 8501718,27.7,14.6,15.1,544,3920
08/02/2024 5:50:09,800473,WL,8501718,Acclima TDR315 8501718,27.7,14.6,15,560,4072
08/02/2024 6:00:09,800473,WL,8501718,Acclima TDR315 8501718,27.9,14.6,15.2,554,3957
08/02/2024 6:10:09,800473,WL,8501718,Acclima TDR315 8501718,27.8,14.6,15.1,550,3963
08/02/2024 6:20:09,800473,WL,8501718,Acclima TDR315 8501718,27.7,14.6,15.1,561,4043
08/02/2024 6:30:09,800473,WL,8501718,Acclima TDR315 8501718,27.6,14.6,15,552,4014
08/02/2024 6:40:09,800473,WL,8501718,Acclima TDR315 8501718,27.7,14.6,15.1,552,3978
08/02/2024 6:50:09,800473,WL,8501718,Acclima TDR315 8501718,27.7,14.6,15.1,561,4043
08/02/2024 7:00:09,800473,WL,8501718,Acclima TDR315 8501718,27.8,14.6,15.1,552,3978
08/02/2024 7:10:09,800473,WL,8501718,Acclima TDR315 8501718,27.8,14.6,15.1,554,3992
08/02/2024 7:20:09,800473,WL,8501718,Acclima TDR315 8501718,27.8,14.6,15.1,554,3992
08/02/2024 7:30:09,800473,WL,8501718,Acclima TDR315 8501718,27.7,14.6,15.1,560,4036
08/02/2024 7:40:09,800473,WL,8501718,Acclima TDR315 8501718,27.7,14.6,15,554,4029
08/02/2024 7:50:09,800473,WL,8501718,Acclima TDR315 8501718,27.7,14.6,15.1,561,4043
08/02/2024 8:00:09,800473,WL,8501718,Acclima TDR315 8501718,27.9,14.6,15.2,556,3971
08/02/2024 8:10:09,800473,WL,8501718,Acclima TDR315 8501718,27.9,14.5,15.2,558,3985
08/02/2024 8:20:09,800473,WL,8501718,Acclima TDR315 8501718,27.8,14.6,15.1,552,3978
08/02/2024 8:30:09,800473,WL,8501718,Acclima TDR315 8501718,27.9,14.5,15.2,552,3942
08/02/2024 8:40:09,800473,WL,8501718,Acclima TDR315 8501718,27.9,14.5,15.2,556,3971
08/02/2024 8:50:09,800473,WL,8501718,Acclima TDR315 8501718,27.8,14.5,15.1,550,3963
08/02/2024 9:00:09,800473,WL,8501718,Acclima TDR315 8501718,27.8,14.5,15.1,544,3920
08/02/2024 9:10:09,800473,WL,8501718,Acclima TDR315 8501718,27.9,14.5,15.2,548,3914
08/02/2024 9:20:09,800473,WL,8501718,Acclima TDR315 8501718,27.9,14.5,15.2,542,3871
08/02/2024 9:30:09,800473,WL,8501718,Acclima TDR315 8501718,27.7,14.5,15.1,552,3978
08/02/2024 9:40:09,800473,WL,8501718,Acclima TDR315 8501718,27.7,14.5,15.1,550,3963
08/02/2024 9:50:09,800473,WL,8501718,Acclima TDR315 8501718,27.9,14.5,15.2,554,3957
08/02/2024 10:00:09,800473,WL,8501718,Acclima TDR315 8501718,27.7,14.5,15.1,561,4043
08/02/2024 10:10:09,800473,WL,8501718,Acclima TDR315 8501718,27.7,14.5,15,550,4000
08/02/2024 10:20:09,800473,WL,8501718,Acclima TDR315 8501718,27.9,14.5,15.2,544,3885
08/02/2024 10:30:09,800473,WL,8501718,Acclima TDR315 8501718,27.6,14.5,15,548,3985
08/02/2024 10:40:09,800473,WL,8501718,Acclima TDR315 8501718,27.9,14.5,15.2,552,3942
08/02/2024 10:50:09,800473,WL,8501718,Acclima TDR315 8501718,27.7,14.5,15.1,567,4086
08/02/2024 11:00:09,800473,WL,8501718,Acclima TDR315 8501718,27.8,14.5,15.1,521,3754
08/02/2024 11:10:09,800473,WL,8501718,Acclima TDR315 8501718,30.5,14.5,16.9,604,3745
08/02/2024 11:20:06,800473,WL,8501718,Acclima TDR315 8501718,53.7,14.5,34.8,663,1722
07/02/2024 16:20:04,800473,WL,8501741,Acclima TDR315 8501741,8,16.9,5,59,1573
07/02/2024 16:30:10,800473,WL,8501741,Acclima TDR315 8501741,8.1,17,5,58,1546
07/02/2024 16:40:05,800473,WL,8501741,Acclima TDR315 8501741,8.2,16.9,5.1,60,1548
07/02/2024 16:50:05,800473,WL,8501741,Acclima TDR315 8501741,8.2,17,5.1,58,1496
07/02/2024 17:00:05,800473,WL,8501741,Acclima TDR315 8501741,8.1,16.9,5,59,1573
07/02/2024 17:10:05,800473,WL,8501741,Acclima TDR315 8501741,8.2,16.9,5.1,59,1522
07/02/2024 17:20:07,800473,WL,8501741,Acclima TDR315 8501741,7.9,16.9,4.9,58,1600
07/02/2024 17:30:07,800473,WL,8501741,Acclima TDR315 8501741,8,16.9,5,58,1546
07/02/2024 17:40:07,800473,WL,8501741,Acclima TDR315 8501741,8.1,17,5,59,1573
07/02/2024 17:50:07,800473,WL,8501741,Acclima TDR315 8501741,8.1,16.9,5,59,1573
07/02/2024 18:00:07,800473,WL,8501741,Acclima TDR315 8501741,8.1,16.9,5,58,1546
07/02/2024 18:10:07,800473,WL,8501741,Acclima TDR315 8501741,8.1,17,5,59,1573
07/02/2024 18:20:07,800473,WL,8501741,Acclima TDR315 8501741,8.1,16.9,5,60,1600
07/02/2024 18:30:07,800473,WL,8501741,Acclima TDR315 8501741,8,17,5,59,1573
07/02/2024 18:40:07,800473,WL,8501741,Acclima TDR315 8501741,8,17,5,58,1546
07/02/2024 18:50:07,800473,WL,8501741,Acclima TDR315 8501741,8.1,17,5,60,1600
07/02/2024 19:00:07,800473,WL,8501741,Acclima TDR315 8501741,8.1,17,5,58,1546
07/02/2024 19:10:07,800473,WL,8501741,Acclima TDR315 8501741,8.1,16.9,5,59,1573
07/02/2024 19:20:07,800473,WL,8501741,Acclima TDR315 8501741,8,17,5,59,1573
07/02/2024 19:30:07,800473,WL,8501741,Acclima TDR315 8501741,8,16.9,5,59,1573
07/02/2024 19:40:07,800473,WL,8501741,Acclima TDR315 8501741,8,16.9,5,59,1573
07/02/2024 19:50:07,800473,WL,8501741,Acclima TDR315 8501741,8.1,17,5,58,1546
07/02/2024 20:00:07,800473,WL,8501741,Acclima TDR315 8501741,7.9,17,4.9,58,1600
07/02/2024 20:10:07,800473,WL,8501741,Acclima TDR315 8501741,8,16.9,5,59,1573
07/02/2024 20:20:07,800473,WL,8501741,Acclima TDR315 8501741,8,16.9,5,62,1653
07/02/2024 20:30:07,800473,WL,8501741,Acclima TDR315 8501741,8.1,16.9,5,59,1573
07/02/2024 20:40:07,800473,WL,8501741,Acclima TDR315 8501741,8,16.9,5,59,1573
07/02/2024 20:50:07,800473,WL,8501741,Acclima TDR315 8501741,8,17,5,59,1573
07/02/2024 21:00:07,800473,WL,8501741,Acclima TDR315 8501741,8,17,5,59,1573
07/02/2024 21:10:07,800473,WL,8501741,Acclima TDR315 8501741,8,17,5,59,1573
07/02/2024 21:20:07,800473,WL,8501741,Acclima TDR315 8501741,8.1,17,5,59,1573
07/02/2024 21:30:07,800473,WL,8501741,Acclima TDR315 8501741,8.1,16.9,5,59,1573
07/02/2024 21:40:07,800473,WL,8501741,Acclima TDR315 8501741,8,17,5,58,1546
07/02/2024 21:50:07,800473,WL,8501741,Acclima TDR315 8501741,8.1,17,5,59,1573
07/02/2024 22:00:07,800473,WL,8501741,Acclima TDR315 8501741,8,17,5,59,1573
07/02/2024 22:10:07,800473,WL,8501741,Acclima TDR315 8501741,8.1,16.9,5,58,1546
07/02/2024 22:20:07,800473,WL,8501741,Acclima TDR315 8501741,8,16.9,5,60,1600
07/02/2024 22:30:07,800473,WL,8501741,Acclima TDR315 8501741,8,16.9,5,59,1573
07/02/2024 22:40:07,800473,WL,8501741,Acclima TDR315 8501741,8,17,5,59,1573
07/02/2024 22:50:07,800473,WL,8501741,Acclima TDR315 8501741,8,17,5,60,1600
07/02/2024 23:00:07,800473,WL,8501741,Acclima TDR315 8501741,8,17,5,59,1573
07/02/2024 23:10:07,800473,WL,8501741,Acclima TDR315 8501741,8,16.9,5,58,1546
07/02/2024 23:20:07,800473,WL,8501741,Acclima TDR315 8501741,7.9,16.9,4.9,62,1710
07/02/2024 23:30:07,800473,WL,8501741,Acclima TDR315 8501741,8.1,17,5,58,1546
07/02/2024 23:40:07,800473,WL,8501741,Acclima TDR315 8501741,8.1,16.9,5,60,1600
07/02/2024 23:50:07,800473,WL,8501741,Acclima TDR315 8501741,8,16.9,5,58,1546
08/02/2024 0:00:07,800473,WL,8501741,Acclima TDR315 8501741,8,16.9,5,59,1573
08/02/2024 0:10:07,800473,WL,8501741,Acclima TDR315 8501741,8,17,5,60,1600
08/02/2024 0:20:07,800473,WL,8501741,Acclima TDR315 8501741,8,16.9,5,59,1573
08/02/2024 0:30:07,800473,WL,8501741,Acclima TDR315 8501741,7.9,17,4.9,58,1600
08/02/2024 0:40:07,800473,WL,8501741,Acclima TDR315 8501741,8,16.9,5,58,1546
08/02/2024 0:50:07,800473,WL,8501741,Acclima TDR315 8501741,8.1,17,5,58,1546
08/02/2024 1:00:07,800473,WL,8501741,Acclima TDR315 8501741,8.1,17,5,60,1600
08/02/2024 1:10:07,800473,WL,8501741,Acclima TDR315 8501741,7.9,16.9,4.9,59,1627
08/02/2024 1:20:07,800473,WL,8501741,Acclima TDR315 8501741,8,17,5,58,1546
08/02/2024 1:30:07,800473,WL,8501741,Acclima TDR315 8501741,8,17,5,59,1573
08/02/2024 1:40:07,800473,WL,8501741,Acclima TDR315 8501741,8.1,16.9,5,59,1573
08/02/2024 1:50:07,800473,WL,8501741,Acclima TDR315 8501741,8,16.9,5,59,1573
08/02/2024 2:00:07,800473,WL,8501741,Acclima TDR315 8501741,8.1,17,5,58,1546
08/02/2024 2:10:07,800473,WL,8501741,Acclima TDR315 8501741,8,16.9,5,58,1546
08/02/2024 2:20:07,800473,WL,8501741,Acclima TDR315 8501741,8,17,5,58,1546
08/02/2024 2:30:07,800473,WL,8501741,Acclima TDR315 8501741,7.9,17,4.9,58,1600
08/02/2024 2:40:07,800473,WL,8501741,Acclima TDR315 8501741,8.1,16.9,5,58,1546
08/02/2024 2:50:07,800473,WL,8501741,Acclima TDR315 8501741,8.1,17,5,59,1573
08/02/2024 3:00:07,800473,WL,8501741,Acclima TDR315 8501741,7.9,17,4.9,58,1600
08/02/2024 3:10:07,800473,WL,8501741,Acclima TDR315 8501741,8.1,17,5,57,1520
08/02/2024 3:20:07,800473,WL,8501741,Acclima TDR315 8501741,8,16.9,5,59,1573
08/02/2024 3:30:07,800473,WL,8501741,Acclima TDR315 8501741,7.9,17,4.9,58,1600
08/02/2024 3:40:07,800473,WL,8501741,Acclima TDR315 8501741,8,17,5,59,1573
08/02/2024 3:50:07,800473,WL,8501741,Acclima TDR315 8501741,8,17,5,59,1573
08/02/2024 4:00:07,800473,WL,8501741,Acclima TDR315 8501741,8.1,17,5,59,1573
08/02/2024 4:10:07,800473,WL,8501741,Acclima TDR315 8501741,7.9,17,4.9,58,1600
08/02/2024 4:20:07,800473,WL,8501741,Acclima TDR315 8501741,7.9,17,4.9,58,1600
08/02/2024 4:30:07,800473,WL,8501741,Acclima TDR315 8501741,7.9,17,4.9,60,1655
08/02/2024 4:40:07,800473,WL,8501741,Acclima TDR315 8501741,8,17,5,59,1573
08/02/2024 4:50:07,800473,WL,8501741,Acclima TDR315 8501741,8,17,5,58,1546
08/02/2024 5:00:07,800473,WL,8501741,Acclima TDR315 8501741,8.1,16.9,5,57,1520
08/02/2024 5:10:07,800473,WL,8501741,Acclima TDR315 8501741,8,17,5,59,1573
08/02/2024 5:20:07,800473,WL,8501741,Acclima TDR315 8501741,8,17,5,58,1546
08/02/2024 5:30:07,800473,WL,8501741,Acclima TDR315 8501741,8.1,17,5,57,1520
08/02/2024 5:40:07,800473,WL,8501741,Acclima TDR315 8501741,8,16.9,5,62,1653
08/02/2024 5:50:07,800473,WL,8501741,Acclima TDR315 8501741,8,17,5,58,1546
08/02/2024 6:00:07,800473,WL,8501741,Acclima TDR315 8501741,7.9,17,4.9,59,1627
08/02/2024 6:10:07,800473,WL,8501741,Acclima TDR315 8501741,8,17,5,59,1573
08/02/2024 6:20:07,800473,WL,8501741,Acclima TDR315 8501741,7.9,17,4.9,59,1627
08/02/2024 6:30:07,800473,WL,8501741,Acclima TDR315 8501741,8.1,17,5,58,1546
08/02/2024 6:40:07,800473,WL,8501741,Acclima TDR315 8501741,8,17,5,60,1600
08/02/2024 6:50:07,800473,WL,8501741,Acclima TDR315 8501741,8,17,5,58,1546
08/02/2024 7:00:07,800473,WL,8501741,Acclima TDR315 8501741,7.9,17,4.9,59,1627
08/02/2024 7:10:07,800473,WL,8501741,Acclima TDR315 8501741,8.1,17,5,59,1573
08/02/2024 7:20:07,800473,WL,8501741,Acclima TDR315 8501741,7.9,17,4.9,59,1627
08/02/2024 7:30:07,800473,WL,8501741,Acclima TDR315 8501741,8.1,17,5,58,1546
08/02/2024 7:40:07,800473,WL,8501741,Acclima TDR315 8501741,8,17,5,58,1546
08/02/2024 7:50:07,800473,WL,8501741,Acclima TDR315 8501741,8.1,17,5,59,1573
08/02/2024 8:00:07,800473,WL,8501741,Acclima TDR315 8501741,8,17,5,58,1546
08/02/2024 8:10:07,800473,WL,8501741,Acclima TDR315 8501741,7.9,17,4.9,59,1627
08/02/2024 8:20:07,800473,WL,8501741,Acclima TDR315 8501741,8,17,5,58,1546
08/02/2024 8:30:07,800473,WL,8501741,Acclima TDR315 8501741,8.1,17,5,58,1546
08/02/2024 8:40:07,800473,WL,8501741,Acclima TDR315 8501741,8.1,17,5,59,1573
08/02/2024 8:50:07,800473,WL,8501741,Acclima TDR315 8501741,7.9,17,4.9,59,1627
08/02/2024 9:00:07,800473,WL,8501741,Acclima TDR315 8501741,8.1,17,5,58,1546
08/02/2024 9:10:07,800473,WL,8501741,Acclima TDR315 8501741,8.1,17,5,59,1573
08/02/2024 9:20:07,800473,WL,8501741,Acclima TDR315 8501741,8.1,17,5,58,1546
08/02/2024 9:30:07,800473,WL,8501741,Acclima TDR315 8501741,8.1,17,5,59,1573
08/02/2024 9:40:07,800473,WL,8501741,Acclima TDR315 8501741,8.1,17,5,58,1546
08/02/2024 9:50:07,800473,WL,8501741,Acclima TDR315 8501741,8.1,16.9,5,58,1546
08/02/2024 10:00:07,800473,WL,8501741,Acclima TDR315 8501741,8,17,5,59,1573
08/02/2024 10:10:07,800473,WL,8501741,Acclima TDR315 8501741,8.1,17,5,59,1573
08/02/2024 10:20:07,800473,WL,8501741,Acclima TDR315 8501741,8,17,5,57,1520
08/02/2024 10:30:07,800473,WL,8501741,Acclima TDR315 8501741,7.9,17,4.9,57,1572
08/02/2024 10:40:07,800473,WL,8501741,Acclima TDR315 8501741,8.1,17,5,58,1546
08/02/2024 10:50:07,800473,WL,8501741,Acclima TDR315 8501741,7.9,17,4.9,59,1627
08/02/2024 11:00:07,800473,WL,8501741,Acclima TDR315 8501741,7.9,17,4.9,68,1875
08/02/2024 11:10:07,800473,WL,8501741,Acclima TDR315 8501741,8,17,5,52,1386
08/02/2024 11:20:05,800473,WL,8501741,Acclima TDR315 8501741,8,17,5,63,1680
07/02/2024 16:20:03,800473,WL,8501767,Acclima TDR315 8501767,23.1,14.7,12.3,507,4886
07/02/2024 16:30:08,800473,WL,8501767,Acclima TDR315 8501767,23.2,14.8,12.3,511,4925
07/02/2024 16:40:04,800473,WL,8501767,Acclima TDR315 8501767,23.3,14.7,12.4,503,4790
07/02/2024 16:50:03,800473,WL,8501767,Acclima TDR315 8501767,23.3,14.7,12.4,509,4847
07/02/2024 17:00:03,800473,WL,8501767,Acclima TDR315 8501767,23.3,14.7,12.4,502,4780
07/02/2024 17:10:03,800473,WL,8501767,Acclima TDR315 8501767,23.3,14.7,12.4,505,4809
07/02/2024 17:20:06,800473,WL,8501767,Acclima TDR315 8501767,23.1,14.8,12.3,509,4906
07/02/2024 17:30:06,800473,WL,8501767,Acclima TDR315 8501767,23.1,14.8,12.3,502,4838
07/02/2024 17:40:06,800473,WL,8501767,Acclima TDR315 8501767,23.1,14.8,12.3,509,4906
07/02/2024 17:50:06,800473,WL,8501767,Acclima TDR315 8501767,23.1,14.7,12.3,512,4934
07/02/2024 18:00:06,800473,WL,8501767,Acclima TDR315 8501767,23.1,14.8,12.3,514,4954
07/02/2024 18:10:06,800473,WL,8501767,Acclima TDR315 8501767,23.1,14.8,12.3,500,4819
07/02/2024 18:20:06,800473,WL,8501767,Acclima TDR315 8501767,23.1,14.8,12.3,505,4867
07/02/2024 18:30:06,800473,WL,8501767,Acclima TDR315 8501767,23.1,14.7,12.3,500,4819
07/02/2024 18:40:06,800473,WL,8501767,Acclima TDR315 8501767,23.1,14.8,12.3,509,4906
07/02/2024 18:50:06,800473,WL,8501767,Acclima TDR315 8501767,23.1,14.7,12.3,509,4906
07/02/2024 19:00:06,800473,WL,8501767,Acclima TDR315 8501767,23.1,14.8,12.3,511,4925
07/02/2024 19:10:06,800473,WL,8501767,Acclima TDR315 8501767,23.1,14.8,12.3,505,4867
07/02/2024 19:20:06,800473,WL,8501767,Acclima TDR315 8501767,23.1,14.7,12.3,507,4886
07/02/2024 19:30:06,800473,WL,8501767,Acclima TDR315 8501767,23.1,14.8,12.3,505,4867
07/02/2024 19:40:06,800473,WL,8501767,Acclima TDR315 8501767,23.1,14.7,12.3,505,4867
07/02/2024 19:50:06,800473,WL,8501767,Acclima TDR315 8501767,23,14.8,12.2,507,4946
07/02/2024 20:00:06,800473,WL,8501767,Acclima TDR315 8501767,23.1,14.8,12.3,507,4886
07/02/2024 20:10:06,800473,WL,8501767,Acclima TDR315 8501767,23.2,14.8,12.3,503,4848
07/02/2024 20:20:06,800473,WL,8501767,Acclima TDR315 8501767,23.1,14.8,12.3,509,4906
07/02/2024 20:30:06,800473,WL,8501767,Acclima TDR315 8501767,23.1,14.8,12.3,507,4886
07/02/2024 20:40:06,800473,WL,8501767,Acclima TDR315 8501767,23.1,14.8,12.3,509,4906
07/02/2024 20:50:06,800473,WL,8501767,Acclima TDR315 8501767,23.1,14.8,12.3,507,4886
07/02/2024 21:00:06,800473,WL,8501767,Acclima TDR315 8501767,23.1,14.9,12.3,502,4838
07/02/2024 21:10:06,800473,WL,8501767,Acclima TDR315 8501767,23.1,14.8,12.3,512,4934
07/02/2024 21:20:06,800473,WL,8501767,Acclima TDR315 8501767,23.1,14.9,12.3,512,4934
07/02/2024 21:30:06,800473,WL,8501767,Acclima TDR315 8501767,23.1,14.8,12.3,507,4886
07/02/2024 21:40:06,800473,WL,8501767,Acclima TDR315 8501767,23.1,14.8,12.3,514,4954
07/02/2024 21:50:06,800473,WL,8501767,Acclima TDR315 8501767,23.1,14.9,12.3,516,4973
07/02/2024 22:00:06,800473,WL,8501767,Acclima TDR315 8501767,23.1,14.9,12.3,507,4886
07/02/2024 22:10:06,800473,WL,8501767,Acclima TDR315 8501767,23,14.9,12.2,509,4965
07/02/2024 22:20:06,800473,WL,8501767,Acclima TDR315 8501767,23.1,14.9,12.3,496,4780
07/02/2024 22:30:06,800473,WL,8501767,Acclima TDR315 8501767,23.1,14.9,12.3,509,4906
07/02/2024 22:40:06,800473,WL,8501767,Acclima TDR315 8501767,23.1,14.9,12.3,505,4867
07/02/2024 22:50:06,800473,WL,8501767,Acclima TDR315 8501767,23.1,14.9,12.3,503,4848
07/02/2024 23:00:06,800473,WL,8501767,Acclima TDR315 8501767,23.1,14.9,12.3,502,4838
07/02/2024 23:10:06,800473,WL,8501767,Acclima TDR315 8501767,23.1,14.9,12.3,509,4906
07/02/2024 23:20:06,800473,WL,8501767,Acclima TDR315 8501767,23.1,14.9,12.3,509,4906
07/02/2024 23:30:06,800473,WL,8501767,Acclima TDR315 8501767,23.1,15,12.3,507,4886
07/02/2024 23:40:06,800473,WL,8501767,Acclima TDR315 8501767,23.1,14.9,12.3,509,4906
07/02/2024 23:50:06,800473,WL,8501767,Acclima TDR315 8501767,23.1,15,12.3,505,4867
08/02/2024 0:00:06,800473,WL,8501767,Acclima TDR315 8501767,23.1,15,12.3,511,4925
08/02/2024 0:10:06,800473,WL,8501767,Acclima TDR315 8501767,23.1,14.9,12.3,507,4886
08/02/2024 0:20:06,800473,WL,8501767,Acclima TDR315 8501767,23,15,12.2,512,4995
08/02/2024 0:30:06,800473,WL,8501767,Acclima TDR315 8501767,23.1,15,12.3,507,4886
08/02/2024 0:40:06,800473,WL,8501767,Acclima TDR315 8501767,23,15,12.2,503,4907
08/02/2024 0:50:06,800473,WL,8501767,Acclima TDR315 8501767,23,15,12.2,509,4965
08/02/2024 1:00:06,800473,WL,8501767,Acclima TDR315 8501767,23.1,15,12.3,505,4867
08/02/2024 1:10:06,800473,WL,8501767,Acclima TDR315 8501767,23.1,15,12.3,503,4848
08/02/2024 1:20:06,800473,WL,8501767,Acclima TDR315 8501767,23.1,15,12.3,503,4848
08/02/2024 1:30:06,800473,WL,8501767,Acclima TDR315 8501767,23.1,15,12.3,514,4954
08/02/2024 1:40:06,800473,WL,8501767,Acclima TDR315 8501767,23,15,12.2,509,4965
08/02/2024 1:50:06,800473,WL,8501767,Acclima TDR315 8501767,23,15,12.2,516,5034
08/02/2024 2:00:06,800473,WL,8501767,Acclima TDR315 8501767,23.1,15,12.3,505,4867
08/02/2024 2:10:06,800473,WL,8501767,Acclima TDR315 8501767,23.1,15,12.3,514,4954
08/02/2024 2:20:06,800473,WL,8501767,Acclima TDR315 8501767,23,15,12.2,507,4946
08/02/2024 2:30:06,800473,WL,8501767,Acclima TDR315 8501767,23.1,15,12.3,512,4934
08/02/2024 2:40:06,800473,WL,8501767,Acclima TDR315 8501767,23.1,15.1,12.3,507,4886
08/02/2024 2:50:06,800473,WL,8501767,Acclima TDR315 8501767,23,15,12.2,511,4985
08/02/2024 3:00:06,800473,WL,8501767,Acclima TDR315 8501767,23.1,15.1,12.3,509,4906
08/02/2024 3:10:06,800473,WL,8501767,Acclima TDR315 8501767,23.1,15,12.3,507,4886
08/02/2024 3:20:06,800473,WL,8501767,Acclima TDR315 8501767,23,15.1,12.2,509,4965
08/02/2024 3:30:06,800473,WL,8501767,Acclima TDR315 8501767,23.1,15.1,12.3,509,4906
08/02/2024 3:40:06,800473,WL,8501767,Acclima TDR315 8501767,23.1,15,12.3,512,4934
08/02/2024 3:50:06,800473,WL,8501767,Acclima TDR315 8501767,23,15,12.2,511,4985
08/02/2024 4:00:06,800473,WL,8501767,Acclima TDR315 8501767,23.1,15.1,12.3,509,4906
08/02/2024 4:10:06,800473,WL,8501767,Acclima TDR315 8501767,23.1,15,12.3,514,4954
08/02/2024 4:20:06,800473,WL,8501767,Acclima TDR315 8501767,23.1,15.1,12.3,502,4838
08/02/2024 4:30:06,800473,WL,8501767,Acclima TDR315 8501767,23.1,15.1,12.3,503,4848
08/02/2024 4:40:06,800473,WL,8501767,Acclima TDR315 8501767,23.1,15.1,12.3,509,4906
08/02/2024 4:50:06,800473,WL,8501767,Acclima TDR315 8501767,23.1,15.1,12.3,514,4954
08/02/2024 5:00:06,800473,WL,8501767,Acclima TDR315 8501767,23.1,15,12.3,509,4906
08/02/2024 5:10:06,800473,WL,8501767,Acclima TDR315 8501767,23,15.1,12.2,512,4995
08/02/2024 5:20:06,800473,WL,8501767,Acclima TDR315 8501767,23,15.1,12.2,511,4985
08/02/2024 5:30:06,800473,WL,8501767,Acclima TDR315 8501767,23,15.1,12.2,512,4995
08/02/2024 5:40:06,800473,WL,8501767,Acclima TDR315 8501767,23.1,15.1,12.3,507,4886
08/02/2024 5:50:06,800473,WL,8501767,Acclima TDR315 8501767,23.1,15.1,12.3,516,4973
08/02/2024 6:00:06,800473,WL,8501767,Acclima TDR315 8501767,23,15.1,12.2,507,4946
08/02/2024 6:10:06,800473,WL,8501767,Acclima TDR315 8501767,23,15.1,12.2,509,4965
08/02/2024 6:20:06,800473,WL,8501767,Acclima TDR315 8501767,23.2,15.1,12.3,511,4925
08/02/2024 6:30:06,800473,WL,8501767,Acclima TDR315 8501767,23.1,15.1,12.3,512,4934
08/02/2024 6:40:06,800473,WL,8501767,Acclima TDR315 8501767,23,15.1,12.2,512,4995
08/02/2024 6:50:06,800473,WL,8501767,Acclima TDR315 8501767,23,15.1,12.2,505,4926
08/02/2024 7:00:06,800473,WL,8501767,Acclima TDR315 8501767,23,15.1,12.2,512,4995
08/02/2024 7:10:06,800473,WL,8501767,Acclima TDR315 8501767,23,15.1,12.2,509,4965
08/02/2024 7:20:06,800473,WL,8501767,Acclima TDR315 8501767,23,15.1,12.2,512,4995
08/02/2024 7:30:06,800473,WL,8501767,Acclima TDR315 8501767,23.1,15.1,12.3,511,4925
08/02/2024 7:40:06,800473,WL,8501767,Acclima TDR315 8501767,23,15.1,12.2,509,4965
08/02/2024 7:50:06,800473,WL,8501767,Acclima TDR315 8501767,23.1,15.1,12.3,509,4906
08/02/2024 8:00:06,800473,WL,8501767,Acclima TDR315 8501767,23,15.1,12.2,516,5034
08/02/2024 8:10:06,800473,WL,8501767,Acclima TDR315 8501767,23,15,12.2,511,4985
08/02/2024 8:20:06,800473,WL,8501767,Acclima TDR315 8501767,23,15.1,12.2,507,4946
08/02/2024 8:30:06,800473,WL,8501767,Acclima TDR315 8501767,23.1,15.1,12.3,512,4934
08/02/2024 8:40:06,800473,WL,8501767,Acclima TDR315 8501767,23,15.1,12.2,514,5014
08/02/2024 8:50:06,800473,WL,8501767,Acclima TDR315 8501767,22.9,15.1,12.2,502,4897
08/02/2024 9:00:06,800473,WL,8501767,Acclima TDR315 8501767,23,15,12.2,509,4965
08/02/2024 9:10:06,800473,WL,8501767,Acclima TDR315 8501767,23,15.1,12.2,507,4946
08/02/2024 9:20:06,800473,WL,8501767,Acclima TDR315 8501767,23,15.1,12.2,502,4897
08/02/2024 9:30:06,800473,WL,8501767,Acclima TDR315 8501767,23.1,15,12.3,512,4934
08/02/2024 9:40:06,800473,WL,8501767,Acclima TDR315 8501767,23,15.1,12.2,503,4907
08/02/2024 9:50:06,800473,WL,8501767,Acclima TDR315 8501767,23,15.1,12.2,509,4965
08/02/2024 10:00:06,800473,WL,8501767,Acclima TDR315 8501767,23,15,12.2,509,4965
08/02/2024 10:10:06,800473,WL,8501767,Acclima TDR315 8501767,23,15.1,12.2,503,4907
08/02/2024 10:20:06,800473,WL,8501767,Acclima TDR315 8501767,23,15.1,12.2,511,4985
08/02/2024 10:30:06,800473,WL,8501767,Acclima TDR315 8501767,23,15.1,12.2,512,4995
08/02/2024 10:40:06,800473,WL,8501767,Acclima TDR315 8501767,22.9,15,12.2,503,4907
08/02/2024 10:50:06,800473,WL,8501767,Acclima TDR315 8501767,23.1,15,12.3,500,4819
08/02/2024 11:00:06,800473,WL,8501767,Acclima TDR315 8501767,23.4,15,12.4,500,4761
08/02/2024 11:10:06,800473,WL,8501767,Acclima TDR315 8501767,23,15,12.2,474,4624
08/02/2024 11:20:03,800473,WL,8501767,Acclima TDR315 8501767,28,15,15.3,464,3284
